time(s),joint1(rad),joint2(rad),joint3(rad),joint4(rad),joint5(rad),joint6(rad)
2.87684000,-0.94522500,-0.49026500,1.12574000,-1.47921000,0.62424700,-0.78483000
2.90684000,-0.94522500,-0.49032200,1.12568000,-1.47941000,0.62424900,-0.78463900
2.90684000,-0.94522600,-0.49037800,1.12562000,-1.47961000,0.62425000,-0.78444900
2.94751000,-0.94522600,-0.49043500,1.12556000,-1.47982000,0.62425200,-0.78425800
2.97751000,-0.94522600,-0.49049200,1.12550000,-1.48002000,0.62425300,-0.78406700
3.02045000,-0.94522600,-0.49054900,1.12544000,-1.48023000,0.62425500,-0.78387700
3.05045000,-0.94522600,-0.49060600,1.12538000,-1.48043000,0.62425600,-0.78368600
3.09257000,-0.94522600,-0.49066200,1.12532000,-1.48064000,0.62425800,-0.78349600
3.12257000,-0.94522700,-0.49071900,1.12526000,-1.48084000,0.62426000,-0.78330500
3.12257000,-0.94522700,-0.49077600,1.12519000,-1.48104000,0.62426100,-0.78311500
3.16467000,-0.94522700,-0.49083300,1.12513000,-1.48125000,0.62426300,-0.78292400
3.20646000,-0.94522700,-0.49088900,1.12507000,-1.48145000,0.62426400,-0.78273400
3.23647000,-0.94522700,-0.49094600,1.12501000,-1.48166000,0.62426600,-0.78254300
3.23647000,-0.94522700,-0.49100300,1.12495000,-1.48186000,0.62426700,-0.78235300
3.27858000,-0.94522800,-0.49106000,1.12489000,-1.48207000,0.62426900,-0.78216200
3.30858000,-0.94522800,-0.49111700,1.12483000,-1.48227000,0.62427100,-0.78197200
3.35480000,-0.94522800,-0.49117300,1.12477000,-1.48248000,0.62427200,-0.78178100
3.38480000,-0.94522800,-0.49123000,1.12471000,-1.48268000,0.62427400,-0.78159100
3.38480000,-0.94522800,-0.49128700,1.12465000,-1.48288000,0.62427500,-0.78140000
3.42744000,-0.94522900,-0.49134400,1.12459000,-1.48309000,0.62427700,-0.78121000
3.45744000,-0.94522900,-0.49140000,1.12452000,-1.48329000,0.62427800,-0.78101900
3.50013000,-0.94522900,-0.49145700,1.12446000,-1.48350000,0.62428000,-0.78082900
3.53013000,-0.94522900,-0.49151400,1.12440000,-1.48370000,0.62428200,-0.78063800
3.53013000,-0.94522900,-0.49157100,1.12434000,-1.48391000,0.62428300,-0.78044700
3.57303000,-0.94522900,-0.49162700,1.12428000,-1.48411000,0.62428500,-0.78025700
3.60304000,-0.94523000,-0.49168400,1.12422000,-1.48431000,0.62428600,-0.78006600
3.64484000,-0.94523000,-0.49174100,1.12416000,-1.48452000,0.62428800,-0.77987600
3.68648000,-0.94523000,-0.49179800,1.12410000,-1.48472000,0.62428900,-0.77968500
3.71648000,-0.94523000,-0.49185500,1.12404000,-1.48493000,0.62429100,-0.77949500
3.71648000,-0.94523000,-0.49191100,1.12398000,-1.48513000,0.62429200,-0.77930400
3.76217000,-0.94523000,-0.49196800,1.12392000,-1.48534000,0.62429400,-0.77911400
3.81199000,-0.94523100,-0.49202500,1.12385000,-1.48554000,0.62429600,-0.77892300
3.84199000,-0.94523100,-0.49208200,1.12379000,-1.48574000,0.62429700,-0.77873300
3.84199000,-0.94523100,-0.49213800,1.12373000,-1.48595000,0.62429900,-0.77854200
3.88467000,-0.94523100,-0.49219500,1.12367000,-1.48615000,0.62430000,-0.77835200
3.92652000,-0.94523100,-0.49225200,1.12361000,-1.48636000,0.62430200,-0.77816100
3.95653000,-0.94523100,-0.49230900,1.12355000,-1.48656000,0.62430300,-0.77797100
3.95653000,-0.94523200,-0.49236600,1.12349000,-1.48677000,0.62430500,-0.77778000
3.99989000,-0.94523200,-0.49242200,1.12343000,-1.48697000,0.62430700,-0.77759000
4.02990000,-0.94523200,-0.49247900,1.12337000,-1.48718000,0.62430800,-0.77739900
4.07451000,-0.94523200,-0.49253600,1.12331000,-1.48738000,0.62431000,-0.77720800
4.10451000,-0.94523200,-0.49259300,1.12324000,-1.48758000,0.62431100,-0.77701800
4.10451000,-0.94523300,-0.49264900,1.12318000,-1.48779000,0.62431300,-0.77682700
4.16563000,-0.94523300,-0.49270600,1.12312000,-1.48799000,0.62431400,-0.77663700
4.19564000,-0.94523300,-0.49276300,1.12306000,-1.48820000,0.62431600,-0.77644600
4.19564000,-0.94523300,-0.49282000,1.12300000,-1.48840000,0.62431800,-0.77625600
4.23834000,-0.94523300,-0.49287700,1.12294000,-1.48861000,0.62431900,-0.77606500
4.26834000,-0.94523300,-0.49293300,1.12288000,-1.48881000,0.62432100,-0.77587500
4.31374000,-0.94523400,-0.49299000,1.12282000,-1.48901000,0.62432200,-0.77568400
4.34374000,-0.94523400,-0.49304700,1.12276000,-1.48922000,0.62432400,-0.77549300
4.34374000,-0.94523400,-0.49310400,1.12270000,-1.48942000,0.62432500,-0.77530300
4.38676000,-0.94523400,-0.49316000,1.12264000,-1.48963000,0.62432700,-0.77511200
4.41676000,-0.94523400,-0.49321700,1.12257000,-1.48983000,0.62432900,-0.77492200
4.45913000,-0.94523400,-0.49327400,1.12251000,-1.49004000,0.62433000,-0.77473100
4.48914000,-0.94523500,-0.49333100,1.12245000,-1.49024000,0.62433200,-0.77454100
4.53183000,-0.94523500,-0.49338800,1.12239000,-1.49045000,0.62433300,-0.77435000
4.56183000,-0.94523500,-0.49344400,1.12233000,-1.49065000,0.62433500,-0.77416000
4.56183000,-0.94523500,-0.49350100,1.12227000,-1.49085000,0.62433600,-0.77396900
4.60429000,-0.94523500,-0.49355800,1.12221000,-1.49106000,0.62433800,-0.77377900
4.63429000,-0.94523600,-0.49361500,1.12215000,-1.49126000,0.62434000,-0.77358800
4.67763000,-0.94523600,-0.49367100,1.12209000,-1.49147000,0.62434100,-0.77339800
4.70763000,-0.94523600,-0.49372800,1.12203000,-1.49167000,0.62434300,-0.77320700
4.70763000,-0.94523600,-0.49378500,1.12196000,-1.49188000,0.62434400,-0.77301700
4.75122000,-0.94523600,-0.49384200,1.12190000,-1.49208000,0.62434600,-0.77282600
4.78122000,-0.94523600,-0.49389800,1.12184000,-1.49228000,0.62434700,-0.77263600
4.82944000,-0.94523700,-0.49395500,1.12178000,-1.49249000,0.62434900,-0.77244500
4.85944000,-0.94523700,-0.49401200,1.12172000,-1.49269000,0.62435100,-0.77225400
4.85944000,-0.94523700,-0.49406900,1.12166000,-1.49290000,0.62435200,-0.77206400
4.90387000,-0.94523700,-0.49412600,1.12160000,-1.49310000,0.62435400,-0.77187300
4.93387000,-0.94523700,-0.49418200,1.12154000,-1.49331000,0.62435500,-0.77168300
4.97669000,-0.94523700,-0.49423900,1.12148000,-1.49351000,0.62435700,-0.77149200
5.00670000,-0.94523800,-0.49429600,1.12142000,-1.49371000,0.62435800,-0.77130200
5.00670000,-0.94523800,-0.49435300,1.12136000,-1.49392000,0.62436000,-0.77111100
5.05045000,-0.94523800,-0.49440900,1.12129000,-1.49412000,0.62436200,-0.77092100
5.08045000,-0.94523800,-0.49446600,1.12123000,-1.49433000,0.62436300,-0.77073000
5.12437000,-0.94523800,-0.49452300,1.12117000,-1.49453000,0.62436500,-0.77054000
5.15437000,-0.94523900,-0.49458000,1.12111000,-1.49474000,0.62436600,-0.77034900
5.15437000,-0.94523900,-0.49463700,1.12105000,-1.49494000,0.62436800,-0.77015900
5.19673000,-0.94523900,-0.49469300,1.12099000,-1.49515000,0.62436900,-0.76996800
5.22673000,-0.94523900,-0.49475000,1.12093000,-1.49535000,0.62437100,-0.76977800
5.27253000,-0.94523900,-0.49480700,1.12087000,-1.49555000,0.62437200,-0.76958700
5.30253000,-0.94523900,-0.49486400,1.12081000,-1.49576000,0.62437400,-0.76939700
5.30253000,-0.94524000,-0.49492000,1.12075000,-1.49596000,0.62437600,-0.76920600
5.34550000,-0.94524000,-0.49497700,1.12068000,-1.49617000,0.62437700,-0.76901600
5.37551000,-0.94524000,-0.49503400,1.12062000,-1.49637000,0.62437900,-0.76882500
5.41803000,-0.94524000,-0.49509100,1.12056000,-1.49658000,0.62438000,-0.76863400
5.44803000,-0.94524000,-0.49514700,1.12050000,-1.49678000,0.62438200,-0.76844400
5.49068000,-0.94524000,-0.49520400,1.12044000,-1.49698000,0.62438300,-0.76825300
5.52068000,-0.94524100,-0.49526100,1.12038000,-1.49719000,0.62438500,-0.76806300
5.52068000,-0.94524100,-0.49531800,1.12032000,-1.49739000,0.62438700,-0.76787200
5.56444000,-0.94524100,-0.49537500,1.12026000,-1.49760000,0.62438800,-0.76768200
5.60878000,-0.94524100,-0.49543100,1.12020000,-1.49780000,0.62439000,-0.76749100
5.63879000,-0.94524100,-0.49548800,1.12014000,-1.49801000,0.62439100,-0.76730100
5.63879000,-0.94524100,-0.49554500,1.12008000,-1.49821000,0.62439300,-0.76711000
5.68078000,-0.94524200,-0.49560200,1.12001000,-1.49841000,0.62439400,-0.76692000
5.71078000,-0.94524200,-0.49565800,1.11995000,-1.49862000,0.62439600,-0.76672900
5.75372000,-0.94524200,-0.49571500,1.11989000,-1.49882000,0.62439800,-0.76653900
5.78373000,-0.94524200,-0.49577200,1.11983000,-1.49903000,0.62439900,-0.76634800
5.78373000,-0.94524200,-0.49582900,1.11977000,-1.49923000,0.62440100,-0.76615800
5.82796000,-0.94524300,-0.49588500,1.11971000,-1.49944000,0.62440200,-0.76596700
5.85797000,-0.94524300,-0.49594200,1.11965000,-1.49964000,0.62440400,-0.76577700
5.89999000,-0.94524300,-0.49599900,1.11959000,-1.49985000,0.62440500,-0.76558600
5.92999000,-0.94524300,-0.49605600,1.11953000,-1.50005000,0.62440700,-0.76539600
5.92999000,-0.94524300,-0.49611300,1.11947000,-1.50025000,0.62440900,-0.76520500
5.97306000,-0.94524300,-0.49616900,1.11940000,-1.50046000,0.62441000,-0.76501500
6.00306000,-0.94524400,-0.49622600,1.11934000,-1.50066000,0.62441200,-0.76482400
6.04654000,-0.94524400,-0.49628300,1.11928000,-1.50087000,0.62441300,-0.76463300
6.08906000,-0.94524400,-0.49634000,1.11922000,-1.50107000,0.62441500,-0.76444300
6.11906000,-0.94524400,-0.49639600,1.11916000,-1.50128000,0.62441600,-0.76425200
6.11906000,-0.94524400,-0.49645300,1.11910000,-1.50148000,0.62441800,-0.76406200
6.17054000,-0.94524400,-0.49651000,1.11904000,-1.50168000,0.62442000,-0.76387100
6.20054000,-0.94524500,-0.49656700,1.11898000,-1.50189000,0.62442100,-0.76368100
6.20054000,-0.94524500,-0.49662400,1.11892000,-1.50209000,0.62442300,-0.76349000
6.24366000,-0.94524500,-0.49668000,1.11886000,-1.50230000,0.62442400,-0.76330000
6.27366000,-0.94524500,-0.49673700,1.11880000,-1.50250000,0.62442600,-0.76310900
6.31695000,-0.94524500,-0.49679400,1.11873000,-1.50271000,0.62442700,-0.76291900
6.36141000,-0.94524600,-0.49685100,1.11867000,-1.50291000,0.62442900,-0.76272800
6.39142000,-0.94524600,-0.49690700,1.11861000,-1.50311000,0.62443100,-0.76253800
6.39142000,-0.94524600,-0.49696400,1.11855000,-1.50332000,0.62443200,-0.76234700
6.43493000,-0.94524600,-0.49702100,1.11849000,-1.50352000,0.62443400,-0.76215700
6.47882000,-0.94524600,-0.49707800,1.11843000,-1.50373000,0.62443500,-0.76196600
6.50882000,-0.94524600,-0.49713400,1.11837000,-1.50393000,0.62443700,-0.76177600
6.50882000,-0.94524700,-0.49719100,1.11831000,-1.50414000,0.62443800,-0.76158500
6.55154000,-0.94524700,-0.49724800,1.11825000,-1.50434000,0.62444000,-0.76139400
6.58154000,-0.94524700,-0.49730500,1.11819000,-1.50455000,0.62444100,-0.76120400
6.62504000,-0.94524700,-0.49736200,1.11812000,-1.50475000,0.62444300,-0.76101300
6.65504000,-0.94524700,-0.49741800,1.11806000,-1.50495000,0.62444500,-0.76082300
6.65504000,-0.94524700,-0.49747500,1.11800000,-1.50516000,0.62444600,-0.76063200
6.69726000,-0.94524800,-0.49753200,1.11794000,-1.50536000,0.62444800,-0.76044200
6.72726000,-0.94524800,-0.49758900,1.11788000,-1.50557000,0.62444900,-0.76025100
6.77069000,-0.94524800,-0.49764500,1.11782000,-1.50577000,0.62445100,-0.76006100
6.80069000,-0.94524800,-0.49770200,1.11776000,-1.50598000,0.62445200,-0.75987000
6.80069000,-0.94524800,-0.49775900,1.11770000,-1.50618000,0.62445400,-0.75968000
6.84413000,-0.94524900,-0.49781600,1.11764000,-1.50638000,0.62445600,-0.75948900
6.87414000,-0.94524900,-0.49787300,1.11758000,-1.50659000,0.62445700,-0.75929900
6.92147000,-0.94524900,-0.49792900,1.11752000,-1.50679000,0.62445900,-0.75910800
6.95147000,-0.94524900,-0.49798600,1.11745000,-1.50700000,0.62446000,-0.75891800
6.95147000,-0.94524900,-0.49804300,1.11739000,-1.50720000,0.62446200,-0.75872700
6.99449000,-0.94524900,-0.49810000,1.11733000,-1.50741000,0.62446300,-0.75853700
7.02449000,-0.94525000,-0.49815600,1.11727000,-1.50761000,0.62446500,-0.75834600
7.06809000,-0.94525000,-0.49821300,1.11721000,-1.50781000,0.62446700,-0.75815600
7.09810000,-0.94525000,-0.49827000,1.11715000,-1.50802000,0.62446800,-0.75796500
7.09810000,-0.94525000,-0.49832700,1.11709000,-1.50822000,0.62447000,-0.75777400
7.17051000,-0.94525000,-0.49838300,1.11703000,-1.50843000,0.62447100,-0.75758400
7.20051000,-0.94525000,-0.49844000,1.11697000,-1.50863000,0.62447300,-0.75739300
7.20051000,-0.94525100,-0.49849700,1.11691000,-1.50884000,0.62447400,-0.75720300
7.24485000,-0.94525100,-0.49855400,1.11684000,-1.50904000,0.62447600,-0.75701200
7.28854000,-0.94525100,-0.49861100,1.11678000,-1.50925000,0.62447800,-0.75682200
7.31855000,-0.94525100,-0.49866700,1.11672000,-1.50945000,0.62447900,-0.75663100
7.31855000,-0.94525100,-0.49872400,1.11666000,-1.50965000,0.62448100,-0.75644100
7.36172000,-0.94525100,-0.49878100,1.11660000,-1.50986000,0.62448200,-0.75625000
7.39172000,-0.94525200,-0.49883800,1.11654000,-1.51006000,0.62448400,-0.75606000
7.43529000,-0.94525200,-0.49889400,1.11648000,-1.51027000,0.62448500,-0.75586900
7.46529000,-0.94525200,-0.49895100,1.11642000,-1.51047000,0.62448700,-0.75567900
7.46529000,-0.94525200,-0.49900800,1.11636000,-1.51068000,0.62448900,-0.75548800
7.50954000,-0.94525200,-0.49906500,1.11630000,-1.51088000,0.62449000,-0.75529800
7.53954000,-0.94525300,-0.49912200,1.11624000,-1.51108000,0.62449200,-0.75510700
7.58339000,-0.94525300,-0.49917800,1.11617000,-1.51129000,0.62449300,-0.75491700
7.61339000,-0.94525300,-0.49923500,1.11611000,-1.51149000,0.62449500,-0.75472600
7.61339000,-0.94525300,-0.49929200,1.11605000,-1.51170000,0.62449600,-0.75453500
7.65761000,-0.94525300,-0.49934900,1.11599000,-1.51190000,0.62449800,-0.75434500
7.68762000,-0.94525300,-0.49940500,1.11593000,-1.51211000,0.62450000,-0.75415400
7.73099000,-0.94525400,-0.49946200,1.11587000,-1.51231000,0.62450100,-0.75396400
7.76099000,-0.94525400,-0.49951900,1.11581000,-1.51251000,0.62450300,-0.75377300
7.76099000,-0.94525400,-0.49957600,1.11575000,-1.51272000,0.62450400,-0.75358300
7.80722000,-0.94525400,-0.49963200,1.11569000,-1.51292000,0.62450600,-0.75339200
7.83722000,-0.94525400,-0.49968900,1.11563000,-1.51313000,0.62450700,-0.75320200
7.88204000,-0.94525400,-0.49972600,1.11559000,-1.51326000,0.62450800,-0.75307700
7.91204000,-0.94525400,-0.49972600,1.11559000,-1.51326000,0.62450800,-0.75307700
